id,fname,middle_name,lname,gender,dob,phone,address,ssn,client_number,emergency_contact,user,timestamp,updated,soc
6,Bartel ,,Angela,Female,7/6/1959,214-531-7221 (M),"13474 Haymeadow Cir, Dallas, Tx 75254",524-067196,708421788,Edgar Soriano,1,50:29.1,13:29.6,12/3/2018
7,Helen ,J ,Paige,Female,12/19/1955,972-527-7410 (LL),"538 E Fairmeadows Dr, Duncanville, Tx 75116",452-06-7793,615063287,Minnace Paige 214-316-9902,1,50:29.1,13:29.6,12/3/2018
8,Carla ,,Turner,Female,3/20/1965,469-712-3953 (M),"3131 W. Park Blvd, Apt 263, Plano, Tx 75075",TBA,503781678,TBA,1,50:29.1,13:29.6,12/13/2018
9,Eddie ,,Chandler,Male,4/18/1960,214-664-5584,"12659 Leacrest Drive, Dallas, Tx 75216",TBA,702241490,TBA,1,50:29.1,13:29.6,12/18/2018
10,Linda,, Price,Female,8/3/1963,214-374-6278,"2403 Kathleen Avenue, Dallas, Tx 75216",,505456226,Lacaonda Dingba,1,50:29.1,13:29.6,2/11/2019
11,Shenae ,,Ford,Female,8/6/1984,214-916-6399,"2126 Village Way Dr, Dallas, Tx 75216",,505054057,,1,50:29.1,13:29.6,2/14/2019
12,Malvin ,,Jackson ,Male,6/18/1957,281-236-1708 (M),"785 El Dorado Drive, DeSoto, Tx 75115",,727848862,,1,50:29.1,13:29.6,3/11/2019
13,MAGDALENA ,,RAMOS,Female,5/17/1944,214 710 8896,3033 Searcy Drive Dallas Tx 75211,,501755988,,1,50:29.1,13:29.6,4\30\2019
14,Alejandra ,,Davila,Female,1/3/1982,972-878-3144,"3330 Webb Chapel Extension, Dallas, Tx 75220",12/31/2019,510949696,Elizabet Davila,1,50:29.1,13:29.6,5/20/2018
15,Bryant ,,Patricia,Female,8/27/1955,972 689 3875,"407 N Merril Ave, APT 115 Duncanville 75116",,253449001,,1,50:29.1,13:29.6,9\23\2019
16,Casebeer ,,Marsha,Female,12/30/1949,214 854 6905,911 Saint Joseph Street APT 309 Dallas 75246,,528010616,,1,50:29.1,13:29.6,9\12\2019
17,Fuller  ,,Marilyn,Female,5/27/1970,682 234 2558,"6850 Cockrell Hill, APT 1507 Dallas 75236",,616029198,,1,50:29.1,13:29.6,9\13\2019
18,Hall ,R,Shantrice,Female,10/17/1993,214 398 9727,3130 Stag Rd APT 1703 Dallas 75241,,514519788,,1,50:29.1,13:29.6,8\20\2019
19,Hutchins ,L,Cheryl,Female,6/18/1970,214 518 1354,1021 Ridgecrest Dr Mckinney 75069,,507017807,,1,50:29.1,13:29.6,9\18\2019
20,Ibarra ,,Enedina,Female,3/10/1933,214 391 1694,7618 Rayville Dr Dallas 75217,,518488472,,1,50:29.1,13:29.6,8\6\2019
21,Thompson ,P,Shallonda,Female,12/31/1970,214 238 6006,1414 Belleview St APT 208,,607928541,,1,50:29.1,13:29.6,8\20\2019
22,Walker ,R,Jimmy,Male,8/27/1966,216 468 4023,3701 N O�Connor Rd Bld 25 APT 716 Irving 75062,,730502019,,1,50:29.1,13:29.6,7\19\2019
23,Young ,A,Stephen,Male,8/6/1968,214 624 2539,1002 Sipapu CT Wylie,,529506448,,1,50:29.1,13:29.6,9\11\2019
24,Margaret ,,Ruble,Female,4/15/1935, 469-378-3352 (LL),"2905 Greenfield Acres, Princeton, Tx 75407",436-44-6898,518499126,Mark (Son) ,1,50:29.1,13:29.6,11/28/2018
